address,n_transactions,language,name
0xce616a55dd45ec16c3db4151ea4cb7f8f30b999a,4,Solidity,NFTCollection
0xb9355614ffa3dfc357468923b28f553ae2d50a88,81,Solidity,StrikeX
0xa83c2fa8e9f8e96a40f13e0129bf52ea316b6b25,0,Solidity,RocketMinipoolBase
0x0e8eb5459194def55d88b0f992cc2e13794181dd,1,Solidity,Forwarder
0x7463c891a2b5b832f4a60dde07c8a3511a72d1b9,2,Solidity,UniswapV2Pair
0xa6a64a664b33d4832c9c99412f90cd2f28cae98f,3,Solidity,GnosisSafeProxy
0x14d0e43d19a964c875be50397528ee659bb20e40,0,Solidity,PEPEGROW
0x3c2156807013969f7d564b6f5f7caf214ec9c001,86,Solidity,MEME
0x7b1eadc263871fbc8c4ed152e844a79fa08ccf81,1,Solidity,TitlesEditionV1
0xd75fc946fb601ab28f3958ce1a29be9afae1acfd,24,Solidity,BNANA
0x8f90837968f9631ff79514dc1a264fb008f3802b,2,Solidity,DropERC1155
0x3f291a4561a7f6230394a76096fd054d7c2886aa,12,Solidity,zeroxtradeeth
0x99f2bd643c5c96cfbddb69d4dfc5c0dec4551c33,0,Solidity,ERC721SeaDropCloneable
0x7cc551b23ded82fa4109c62b6cdc97592539de95,19,Solidity,TOKEN
0x9d5f19684f12036067f4ddc966463dd3896b036a,26,Solidity,GoldKoban
0x5bafed0caa396408b7650dc774a10cfb2a921399,0,Solidity,TransparentUpgradeableProxy
0x407d5493b6cfe7484a436c2c0df8e9b2b84060bc,10,Solidity,Token
0x3d76634e77fb9bbac457a0df209306f2fac67dbc,52,Solidity,Andy
0xb20773eea39798fcdbb2bc3d7a1b4a5cc7a92ddb,40,Solidity,LARP
0xb5bcb4386ae3565bb5ba0c16dac1670ff53f0960,5,Solidity,NiftyERC721Token
0x950e5be05df98442ea87215cb83a256bd0652bd6,7,Solidity,CHINAQIANG
0xdb9384f434ecddf4db9f92a5bb84a90dc2a7e34e,7,Solidity,OmniXBot
0x67c2fc3b654c04ad5284508ef6fe7fa387f5f050,3,Solidity,SianicToken
0x050f9a317ee0602ccb0a4cf99c1567b21c121031,0,Solidity,CoinTool_App
0xf377960dbde17e28a817e4479133d67d576bf476,1,Solidity,Forwarder
0xdcbffeaa4493034cdab9d9d0270e177d7e52bfbd,2,Solidity,AccountImplementation
0x07e3e2de18336a76d780e1d9c1ce8033c9bca498,46,Solidity,XDMD
0x352b962bb3d7d2dec513cb6bb5a870367baceb17,10,Solidity,ERC20
0xe5db444db675746636a17e938ce3c2051e9b96d3,39,Solidity,StandardToken
0x3935eaf11b29396f3067e45d7c68c400662be8b2,0,Solidity,UniswapV3Pool
0xa13f530f00fab432a1c3989449d4a350b3c25429,1,Solidity,FeeRecipient
0x145d4ae4e84c1f8cd5ba345b25b16ebb8f5043e4,104,Solidity,PACMAN
0x6b9af55a51c721cf65072aaf891b3a1e3a3c5162,2,Solidity,OperaToken
0x7bc6340cd475fb558318d0104a644e427a8fcf9f,37,Solidity,SPIN
0xe15da1ed37948205e740e365047af8b33a51cb82,10,Solidity,tictac
0x962bcc834cbd77d452b81adbe3d80e9df5bccef7,5,Solidity,TOKEN
0x80a669d47d15f1ed151d8c8c92345b3247c4afe9,6,Solidity,JustKingKongCoin
0x1ba2b2aa8d8c62e395e9e859b948929442c7fd77,24,Solidity,OxTRADE
0xa444699c4750d5083cdcc75366c4b1e7f13d8d2a,17,Solidity,Artyfact
0xce8d3c1a8edaa545072d5a4dfdc202f199d67090,63,Solidity,TELE
0x75d899c82ad7bb186542f83e612fb7df6783937e,23,Solidity,PixeLady
0x4c3ab8c818ba23dc8ec35fb579984ba95ff009d7,69,Solidity,BoysClub
0x57897ebbdf3b510ab1faca9a5e9348f837bbcb45,54,Solidity,TSEBot
0x9fdad63a8ac0053f14ff1623759ff66b5929482b,19,Solidity,TRUMP
0xd0d112d20d3752ba83223f25109a9edaefd30029,13,Solidity,WaDaFuq
0xdefb06c11e6fd5108124de0bafd0574a6041c1cd,2,Solidity,Proxy
0xb1439dd624a8aea767917684cc408f1895de2348,0,Solidity,FreeTrumpToken
0x22616b4429c410b543bb7fc050a6a83890ecc6f3,1,Solidity,AGA
0xdbdd2db0bc00930cf874af8281a9590d6e7b72e1,0,Solidity,StandardERC20
0xe85e48d73bdc8543835180df678116f3946b0453,82,Solidity,CarlosR
